{
  "num_cases": 52,
  "dice_scores": {
    "enhancing_core": {
      "mean": 0.7089096886011539,
      "std": 0.35440577036551335,
      "median": 0.87676129799683,
      "min": 0.0,
      "max": 1.0
    },
    "non_enhancing_core": {
      "mean": 0.9297611278517259,
      "std": 0.08128624484235188,
      "median": 0.9558756334704324,
      "min": 0.4716574289807673,
      "max": 0.9864979860441369
    },
    "cyst": {
      "mean": 0.7291386863507441,
      "std": 0.43287187201398025,
      "median": 1.0,
      "min": 0.0,
      "max": 1.0
    },
    "edema": {
      "mean": 0.8076923076923077,
      "std": 0.3941134909984461,
      "median": 1.0,
      "min": 0.0,
      "max": 1.0
    },
    "mean": {
      "mean": 0.7938754526239831,
      "std": 0.16718659241893893,
      "median": 0.745742326114284,
      "min": 0.43892564009706514,
      "max": 0.9953306021761156
    }
  },
  "uncertainty_error_analysis": {
    "mean_unc_in_errors": {
      "mean": 0.16078641172498465,
      "std": 0.06075643421393356
    },
    "mean_unc_in_correct": {
      "mean": 9.904057707479716e-05,
      "std": 5.144592261256113e-05
    },
    "unc_error_correlation": {
      "mean": 0.44374492455162046,
      "std": 0.07425064062535079
    },
    "error_rate": {
      "mean": 0.000512137699889716,
      "std": 0.0011126224876559729
    }
  }
}